case_id,cascade_strict_tp,cascade_n_pipeline,cascade_n_silver,cascade_n_matched,sonnet_strict_tp,sonnet_n_pipeline,sonnet_n_silver,sonnet_n_matched
PMC10100421_HIS-82-393|618,0.0,0,0,0,0.0,0,0,0
PMC10100421_HIS-82-393|621,3.0,4,3,3,3.0,4,3,3
PMC10100421_HIS-82-393|623,5.0,7,7,7,5.0,7,7,7
PMC10100421_HIS-82-393|625,9.0,10,10,10,9.0,10,10,10
PMC10100421_HIS-82-393|626,3.0,3,4,3,3.0,3,4,3
PMC10100421_HIS-82-393|628,2.0,3,2,2,2.0,3,2,2
PMC10100421_HIS-82-393|629,2.0,3,5,3,2.0,3,5,3
PMC10100421_HIS-82-393|630,0.0,4,0,0,0.0,4,0,0
PMC10100421_HIS-82-393|632,0.0,0,0,0,0.0,0,0,0
PMC10100421_HIS-82-393|640,0.0,0,2,0,0.0,0,2,0
PMC10100421_HIS-82-393|641,0.0,3,0,0,0.0,3,0,0
PMC10100421_HIS-82-393|643,0.0,2,0,0,0.0,2,0,0
PMC10100421_HIS-82-393|647,0.0,0,0,0,0.0,0,0,0
PMC10100421_HIS-82-393|649,0.5,1,1,1,0.5,1,1,1
PMC10100421_HIS-82-393|650,0.0,0,0,0,0.0,0,0,0
PMC10100421_HIS-82-393|653,0.0,0,0,0,0.0,0,0,0
PMC10100421_HIS-82-393|654,2.5,4,4,4,2.5,4,4,4
PMC10100421_HIS-82-393|656,1.5,3,2,2,1.5,3,2,2
PMC10100421_HIS-82-393|661,1.5,2,2,2,1.5,2,2,2
PMC10100421_HIS-82-393|662,0.0,0,0,0,0.0,0,0,0
PMC10100421_HIS-82-393|666,3.0,3,3,3,3.0,3,3,3
PMC10100421_HIS-82-393|669,2.5,3,3,3,2.5,3,3,3
PMC10100421_HIS-82-393|670,7.0,8,7,7,7.0,8,7,7
PMC10100421_HIS-82-393|674,3.0,3,3,3,3.0,3,3,3
PMC10100421_HIS-82-393|675,4.0,6,5,5,4.0,6,5,5
PMC10100421_HIS-82-393|676,3.0,3,4,3,3.0,3,4,3
PMC10100421_HIS-82-393|677,1.0,2,2,2,1.0,2,2,2
PMC10100421_HIS-82-393|682,0.0,0,2,0,0.0,0,2,0
PMC10100421_HIS-82-393|686,1.0,2,2,2,1.0,2,2,2
PMC10100421_HIS-82-393|687,3.5,6,6,6,3.5,6,6,6
PMC10100421_HIS-82-393|688,5.0,6,5,5,5.0,6,5,5
PMC10100421_HIS-82-393|689,2.5,5,7,5,2.5,5,7,5
PMC10100421_HIS-82-393|691,2.0,6,3,3,2.0,6,3,3
PMC10100421_HIS-82-393|693,0.0,0,0,0,0.0,0,0,0
PMC10108312_HIS-82-162|1028,9.5,12,12,11,9.5,12,12,11
PMC10108312_HIS-82-162|1029,0.0,2,0,0,0.0,2,0,0
PMC10108312_HIS-82-162|1034,3.0,6,5,5,3.0,6,5,5
PMC10108312_HIS-82-162|1036,0.0,0,0,0,0.0,0,0,0
PMC10108312_HIS-82-162|1040,0.0,0,0,0,0.0,0,0,0
PMC10108312_HIS-82-162|1041,0.0,6,0,0,0.0,6,0,0
PMC10108312_HIS-82-162|1044,4.5,5,5,5,4.5,5,5,5
PMC10108312_HIS-82-162|1045,2.0,4,2,2,2.0,4,2,2
PMC10108312_HIS-82-162|1046,5.0,5,6,5,5.0,5,6,5
PMC10108312_HIS-82-162|1047,4.0,4,5,4,4.0,4,5,4
PMC10108312_HIS-82-162|1048,0.0,0,2,0,0.0,0,2,0
PMC10108312_HIS-82-162|1049,2.0,6,4,4,2.0,6,4,4
PMC10108312_HIS-82-162|1050,5.0,6,6,6,5.0,6,6,6
PMC10108312_HIS-82-162|1052,5.0,5,7,5,5.0,5,7,5
PMC10108312_HIS-82-162|1053,4.5,7,6,6,4.5,7,6,6
PMC10108312_HIS-82-162|1054,2.5,3,3,3,2.5,3,3,3
PMC10108312_HIS-82-162|1055,3.0,4,4,4,3.0,4,4,4
PMC10108312_HIS-82-162|1056,4.5,6,14,6,4.5,6,14,6
PMC10108312_HIS-82-162|1059,0.0,0,0,0,0.0,0,0,0
PMC10108312_HIS-82-162|1060,9.5,11,10,10,9.5,11,10,10
PMC10108312_HIS-82-162|1062,1.5,2,3,2,3.0,3,3,3
PMC10108312_HIS-82-162|1063,3.5,7,5,5,3.5,7,5,5
PMC10108312_HIS-82-162|1064,6.5,8,8,8,6.5,8,8,8
PMC10108312_HIS-82-162|1065,4.0,4,5,4,3.5,7,5,5
PMC10108312_HIS-82-162|1067,3.5,6,7,6,3.5,6,7,6
PMC10108312_HIS-82-162|1068,4.0,5,4,4,4.0,5,4,4
PMC10108312_HIS-82-162|1072,5.0,5,5,5,5.0,5,5,5
PMC10108312_HIS-82-162|1073,0.0,4,0,0,0.0,4,0,0
PMC10108312_HIS-82-162|1075,6.0,6,11,6,6.0,6,11,6
PMC10108312_HIS-82-162|1076,1.5,2,3,2,1.5,2,3,2
PMC10108312_HIS-82-162|1077,1.5,5,3,3,1.5,5,3,3
PMC10108312_HIS-82-162|1078,8.5,10,9,9,8.5,10,9,9
PMC10108312_HIS-82-162|1079,3.0,4,3,3,3.0,4,3,3
PMC11649512_HIS-86-294|3532,0.0,0,0,0,0.0,0,0,0
PMC11649512_HIS-86-294|3534,3.0,4,8,4,3.0,4,8,4
PMC11649512_HIS-86-294|3536,9.5,12,15,12,9.5,12,15,12
PMC11649512_HIS-86-294|3539,9.5,11,14,11,9.5,11,14,11
PMC11649512_HIS-86-294|3541,17.5,26,28,25,17.5,26,28,25
PMC11649512_HIS-86-294|3542,23.0,26,24,24,23.0,26,24,24
PMC11649512_HIS-86-294|3543,8.0,8,8,8,8.0,8,8,8
PMC11649512_HIS-86-294|3544,5.0,5,5,5,5.0,5,5,5
PMC11649512_HIS-86-294|3545,18.5,25,23,23,18.0,26,23,23
PMC11649512_HIS-86-294|3546,13.5,17,16,16,13.5,17,16,16
PMC11649512_HIS-86-294|3547,4.0,5,5,5,4.0,5,5,5
PMC11649512_HIS-86-294|3549,10.5,12,14,12,10.5,12,14,12
PMC11649514_HIS-86-204|3554,0.0,0,0,0,0.0,0,0,0
PMC11649514_HIS-86-204|3556,1.0,3,2,2,1.0,3,2,2
PMC11649514_HIS-86-204|3557,1.5,3,3,3,1.5,3,3,3
PMC11649514_HIS-86-204|3558,6.0,8,8,8,6.0,8,8,8
PMC11649514_HIS-86-204|3559,5.0,6,6,6,5.0,6,6,6
PMC11649514_HIS-86-204|3561,6.0,7,7,7,6.0,7,7,7
PMC11649514_HIS-86-204|3562,4.5,5,5,5,4.5,5,5,5
PMC11649514_HIS-86-204|3563,5.0,5,8,5,5.0,5,8,5
PMC11649514_HIS-86-204|3564,3.0,4,4,4,3.0,4,4,4
PMC11649514_HIS-86-204|3566,0.0,3,0,0,0.0,3,0,0
PMC11649514_HIS-86-204|3568,0.0,0,0,0,0.0,0,0,0
PMC11649514_HIS-86-204|3569,3.5,4,4,4,3.5,4,4,4
PMC11649514_HIS-86-204|3571,0.0,4,0,0,0.0,4,0,0
PMC11649514_HIS-86-204|3572,0.5,1,1,1,0.5,1,1,1
PMC11649514_HIS-86-204|3573,0.0,0,0,0,0.0,0,0,0
PMC11649514_HIS-86-204|3574,2.0,4,3,3,2.0,4,3,3
PMC11649514_HIS-86-204|3576,3.0,3,3,3,3.0,3,3,3
PMC11649514_HIS-86-204|3577,1.0,1,1,1,1.0,1,1,1
PMC11649514_HIS-86-204|3578,1.0,2,3,2,1.0,2,3,2
PMC11649514_HIS-86-204|3580,2.5,3,5,3,2.5,3,5,3
PMC11649514_HIS-86-204|3581,2.0,4,2,2,2.0,4,2,2
PMC11649514_HIS-86-204|3585,4.5,6,5,5,4.5,6,5,5
PMC11649514_HIS-86-204|3587,0.0,0,0,0,0.0,0,0,0
PMC11649514_HIS-86-204|3588,6.0,7,6,6,6.0,7,6,6
PMC11649514_HIS-86-204|3591,0.0,0,0,0,0.0,0,0,0
PMC12605734_HIS-87-904|21143,2.5,4,3,3,2.5,4,3,3
PMC12605734_HIS-87-904|21144,7.5,9,8,8,7.5,9,8,8
PMC12605734_HIS-87-904|21146,0.0,0,0,0,0.0,0,0,0
PMC12605734_HIS-87-904|21147,7.5,10,9,9,7.5,10,9,9
PMC12605734_HIS-87-904|21148,2.5,6,5,5,2.5,6,5,5
PMC12605734_HIS-87-904|21149,4.5,5,5,5,4.5,5,5,5
PMC12605734_HIS-87-904|21151,6.5,7,15,7,6.5,7,15,7
PMC12605734_HIS-87-904|21153,2.5,3,4,3,2.5,3,4,3
PMC12605734_HIS-87-904|21154,2.0,2,2,2,2.0,2,2,2
PMC12605734_HIS-87-904|21155,4.0,5,5,5,4.0,5,5,5
PMC12605734_HIS-87-904|21157,2.5,4,5,4,2.5,4,5,4
PMC12605734_HIS-87-904|21158,2.0,4,2,2,2.0,4,2,2
PMC12605734_HIS-87-904|21159,9.0,11,10,10,9.0,11,10,10
PMC12605734_HIS-87-904|21162,8.5,11,9,9,8.5,11,9,9
PMC12605734_HIS-87-904|21164,17.5,18,20,18,17.5,18,20,18
PMC12605734_HIS-87-904|21165,3.5,4,4,4,3.5,4,4,4
PMC12605734_HIS-87-904|21169,4.5,5,6,5,4.5,5,6,5
PMC12605734_HIS-87-904|21170,9.5,10,11,10,9.5,10,11,10
PMC12605734_HIS-87-904|21171,24.0,26,25,25,24.0,26,25,25
PMC12605734_HIS-87-904|21172,6.5,8,10,8,6.5,8,10,8
PMC12605734_HIS-87-904|21173,16.0,20,18,18,16.0,20,18,18
PMC12605734_HIS-87-904|21174,10.0,11,13,11,10.0,11,13,11
PMC12605734_HIS-87-904|21175,5.0,9,8,8,5.0,9,8,8
PMC2253716_his0052-0355|27133,2.0,3,3,3,2.0,3,3,3
PMC2253716_his0052-0355|27134,6.5,8,8,8,6.5,8,8,8
PMC2253716_his0052-0355|27139,7.0,9,15,9,7.0,9,15,9
PMC2253716_his0052-0355|27140,4.5,5,7,5,4.5,5,7,5
PMC2253716_his0052-0355|27143,4.0,5,6,5,4.0,5,6,5
PMC2253716_his0052-0355|27144,22.5,24,23,23,22.5,24,23,23
PMC2253716_his0052-0355|27145,4.5,6,6,5,4.5,6,6,5
PMC2253716_his0052-0355|27148,0.0,0,0,0,0.0,0,0,0
PMC2253716_his0052-0355|27149,0.0,0,0,0,0.0,0,0,0
PMC2253716_his0052-0355|27150,4.5,6,11,6,4.5,6,11,6
PMC2253716_his0052-0355|27153,7.5,10,9,8,7.5,10,9,8
PMC2253716_his0052-0355|27155,0.0,3,0,0,0.0,3,0,0
PMC2253716_his0052-0355|27156,5.0,5,6,5,5.0,5,6,5
PMC2253716_his0052-0355|27157,8.0,9,9,9,8.0,9,9,9
PMC2253716_his0052-0355|27158,2.0,5,3,3,2.0,5,3,3
PMC2253716_his0052-0355|27159,1.0,2,2,2,1.0,2,2,2
PMC2253716_his0052-0355|27160,8.0,11,13,11,8.0,11,13,11
PMC2253716_his0052-0355|27161,0.0,0,0,0,0.0,0,0,0
PMC2253716_his0052-0355|27164,3.5,5,5,5,3.5,5,5,5
PMC2253716_his0052-0355|27166,4.0,4,4,4,4.0,4,4,4
PMC2253716_his0052-0355|27167,2.0,4,2,2,2.0,4,2,2
PMC2253716_his0052-0355|27168,1.0,4,2,2,1.0,4,2,2
PMC2253716_his0052-0355|27170,2.5,4,3,3,2.5,4,3,3
PMC2253716_his0052-0355|27171,9.5,16,15,13,9.5,16,15,13
PMC2253716_his0052-0355|27172,5.0,9,6,6,5.0,9,6,6
PMC2253716_his0052-0355|27174,5.5,9,6,6,5.5,9,6,6
PMC3564399_his0057-0212|13496,1.5,2,2,2,1.5,2,2,2
PMC3564399_his0057-0212|13497,4.0,6,4,4,4.0,6,4,4
PMC3564399_his0057-0212|13499,1.5,3,3,3,1.5,3,3,3
PMC3564399_his0057-0212|13500,0.0,0,1,0,0.0,0,1,0
PMC3564399_his0057-0212|13502,2.0,5,3,3,2.0,5,3,3
PMC3564399_his0057-0212|13504,3.0,4,7,4,3.0,4,7,4
PMC3564399_his0057-0212|13506,0.0,0,0,0,0.0,0,0,0
PMC3564399_his0057-0212|13507,3.5,4,4,4,3.5,4,4,4
PMC3564399_his0057-0212|13509,5.5,10,9,9,5.5,10,9,9
PMC3564399_his0057-0212|13510,0.0,0,0,0,0.0,0,0,0
PMC3564399_his0057-0212|13511,4.0,6,5,5,4.0,6,5,5
PMC3564399_his0057-0212|13512,0.0,6,0,0,0.0,6,0,0
PMC3564399_his0057-0212|13513,2.5,3,4,3,2.5,3,4,3
PMC3564399_his0057-0212|13514,2.0,4,3,3,2.0,4,3,3
PMC3564399_his0057-0212|13515,2.5,3,4,3,2.5,3,4,3
PMC3564399_his0057-0212|13516,0.0,3,0,0,0.0,3,0,0
PMC3564399_his0057-0212|13517,4.0,4,4,4,4.0,4,4,4
PMC3564399_his0057-0212|13518,3.0,4,3,3,3.0,4,3,3
PMC3564399_his0057-0212|13519,1.0,2,2,2,1.0,2,2,2
PMC3564399_his0057-0212|13520,4.5,6,12,6,4.5,6,12,6
PMC3564399_his0057-0212|13521,3.5,5,5,5,3.5,5,5,5
PMC3564399_his0057-0212|13523,3.0,3,3,3,3.0,3,3,3
PMC3564399_his0057-0212|13524,3.5,4,4,4,3.5,4,4,4
PMC3564399_his0057-0212|13525,4.0,5,4,4,4.0,5,4,4
PMC3564399_his0057-0212|13526,1.5,3,2,2,0.0,0,2,0
PMC3564399_his0057-0212|13528,3.0,4,4,4,3.0,4,4,4
PMC3564399_his0057-0212|13529,1.0,2,3,2,3.0,4,3,3
PMC4282325_his0064-0567|19285,4.5,9,9,7,4.5,9,9,7
PMC4282325_his0064-0567|19286,4.0,4,6,4,4.0,4,6,4
PMC4282325_his0064-0567|19288,3.0,3,6,3,3.0,3,6,3
PMC4282325_his0064-0567|19289,4.0,4,5,4,4.0,4,5,4
PMC4282325_his0064-0567|19290,0.0,0,0,0,0.0,0,0,0
PMC4282325_his0064-0567|19292,2.5,4,3,3,2.5,4,3,3
PMC4282325_his0064-0567|19293,0.0,0,0,0,0.0,0,0,0
PMC4282325_his0064-0567|19295,0.0,2,0,0,0.0,2,0,0
PMC4282325_his0064-0567|19296,0.0,8,0,0,0.0,8,0,0
PMC4282325_his0064-0567|19298,0.0,0,0,0,0.0,0,0,0
PMC4282325_his0064-0567|19300,4.5,6,6,6,4.5,6,6,6
PMC4282325_his0064-0567|19301,1.5,7,3,3,1.5,7,3,3
PMC4282325_his0064-0567|19302,5.0,9,15,9,5.0,9,15,9
PMC4282325_his0064-0567|19303,3.5,6,9,6,3.5,6,9,6
PMC4282325_his0064-0567|19304,0.0,0,0,0,0.0,0,0,0
PMC4282325_his0064-0567|19305,3.5,5,11,5,3.5,5,11,5
PMC4282325_his0064-0567|19307,6.0,8,8,8,6.0,8,8,8
PMC4282325_his0064-0567|19308,5.0,7,7,7,5.0,7,7,7
PMC4282325_his0064-0567|19309,1.0,3,1,1,1.0,3,1,1
PMC4282325_his0064-0567|19310,2.5,4,3,3,2.5,4,3,3
PMC4282325_his0064-0567|19311,5.0,12,10,10,5.0,12,10,10
PMC4282325_his0064-0567|19312,3.5,7,5,5,3.5,7,5,5
PMC4282325_his0064-0567|19313,2.5,4,9,4,2.5,4,9,4
PMC4282325_his0064-0567|19314,3.5,7,4,4,3.5,7,4,4
PMC4282325_his0064-0567|19315,2.5,3,3,3,2.5,3,3,3
PMC4282325_his0064-0567|19316,5.0,8,6,6,5.0,8,6,6
PMC4282325_his0064-0567|19317,3.0,7,3,3,3.0,7,3,3
PMC4282325_his0064-0567|19318,4.0,6,8,6,4.0,6,8,6
PMC4282325_his0064-0567|19319,5.5,8,7,7,5.5,8,7,7
PMC4282325_his0064-0567|19320,1.0,2,2,2,1.0,2,2,2
PMC4282325_his0064-0567|19321,2.5,4,5,3,2.5,4,5,3
PMC4282326_his0065-0429|7327,2.0,3,3,3,2.0,3,3,3
PMC4282326_his0065-0429|7331,0.0,0,0,0,0.0,0,0,0
PMC4282326_his0065-0429|7332,1.5,3,3,3,1.5,3,3,3
PMC4282326_his0065-0429|7333,2.0,2,2,2,1.5,2,2,2
PMC4282326_his0065-0429|7334,3.5,4,4,4,3.5,4,4,4
PMC4282326_his0065-0429|7336,0.0,0,0,0,0.0,0,0,0
PMC4282326_his0065-0429|7337,1.0,2,2,2,1.0,2,2,2
PMC4282326_his0065-0429|7338,0.0,4,0,0,0.0,4,0,0
PMC4282326_his0065-0429|7339,2.5,3,3,3,2.5,3,3,3
PMC4282326_his0065-0429|7340,4.0,6,5,5,4.0,6,5,5
PMC4282326_his0065-0429|7341,0.0,0,0,0,0.0,0,0,0
PMC4282326_his0065-0429|7343,2.5,3,3,3,2.5,3,3,3
PMC4282326_his0065-0429|7344,3.0,4,4,4,3.0,4,4,4
PMC4282326_his0065-0429|7347,2.5,5,3,3,2.5,5,3,3
PMC4329418_his0066-0409|21408,0.0,3,0,0,0.0,3,0,0
PMC4329418_his0066-0409|21409,9.0,11,10,10,9.0,11,10,10
PMC4329418_his0066-0409|21410,4.5,6,6,6,4.5,6,6,6
PMC4329418_his0066-0409|21412,4.0,4,4,4,4.0,4,4,4
PMC4329418_his0066-0409|21414,2.5,3,8,3,2.5,3,8,3
PMC4329418_his0066-0409|21415,4.0,5,5,5,4.0,5,5,5
PMC4329418_his0066-0409|21416,0.0,0,0,0,0.0,0,0,0
PMC4329418_his0066-0409|21417,3.5,5,4,4,3.5,5,4,4
PMC4329418_his0066-0409|21418,4.0,11,4,4,4.0,11,4,4
PMC4329418_his0066-0409|21420,9.0,10,10,10,9.0,10,10,10
PMC4329418_his0066-0409|21425,0.0,0,0,0,0.0,0,0,0
PMC4329418_his0066-0409|21426,1.5,2,4,2,2.0,5,4,3
PMC4329418_his0066-0409|21428,4.0,4,4,4,4.0,4,4,4
PMC4329418_his0066-0409|21436,4.0,4,5,4,4.0,4,5,4
PMC4329418_his0066-0409|21437,2.5,3,4,3,2.5,3,4,3
PMC4329418_his0066-0409|21438,3.0,4,4,4,3.0,4,4,4
PMC4329418_his0066-0409|21442,5.0,8,6,6,5.0,8,6,6
PMC6635746_HIS-73-68|30581,0.0,0,0,0,0.0,0,0,0
PMC6635746_HIS-73-68|30584,7.0,8,9,8,7.0,8,9,8
PMC6635746_HIS-73-68|30585,5.0,7,5,5,5.0,7,5,5
PMC6635746_HIS-73-68|30586,0.5,1,1,1,0.5,1,1,1
PMC6635746_HIS-73-68|30589,8.0,11,12,11,8.0,11,12,11
PMC6635746_HIS-73-68|30590,3.5,6,9,6,3.5,6,9,6
PMC6635746_HIS-73-68|30591,0.0,0,0,0,0.0,0,0,0
PMC6635746_HIS-73-68|30592,0.0,2,0,0,0.0,2,0,0
PMC6635746_HIS-73-68|30593,7.0,15,11,11,7.0,15,11,11
PMC6635746_HIS-73-68|30594,0.0,4,0,0,0.0,4,0,0
PMC6635746_HIS-73-68|30597,5.0,10,8,8,5.0,10,8,8
PMC6635746_HIS-73-68|30598,5.5,6,10,6,5.5,6,10,6
PMC6635746_HIS-73-68|30599,0.0,0,0,0,0.0,0,0,0
PMC6635746_HIS-73-68|30600,9.5,13,16,13,9.5,13,16,13
PMC6635746_HIS-73-68|30601,7.0,7,7,7,7.0,7,7,7
PMC6635746_HIS-73-68|30603,6.0,7,11,7,6.0,7,11,7
PMC6635746_HIS-73-68|30604,10.0,10,11,10,10.0,10,11,10
PMC6635746_HIS-73-68|30605,3.5,4,6,4,4.0,6,6,6
PMC6635746_HIS-73-68|30609,5.5,6,6,6,5.5,6,6,6
PMC6635746_HIS-73-68|30610,3.0,6,4,4,3.0,6,4,4
PMC6635746_HIS-73-68|30611,4.5,8,8,6,4.5,8,8,6
PMC6850320_HIS-74-917|13758,0.0,0,0,0,0.0,0,0,0
PMC6850320_HIS-74-917|13759,10.0,15,11,11,10.0,15,11,11
PMC6850320_HIS-74-917|13760,3.0,5,4,4,3.0,4,4,4
PMC6850320_HIS-74-917|13761,5.0,6,7,6,5.0,6,7,6
PMC6850320_HIS-74-917|13763,5.0,6,5,5,5.0,6,5,5
PMC6850320_HIS-74-917|13764,0.0,0,3,0,0.0,0,3,0
PMC6850320_HIS-74-917|13765,0.0,0,0,0,0.0,0,0,0
PMC6850320_HIS-74-917|13769,0.0,0,0,0,0.0,0,0,0
PMC6850320_HIS-74-917|13770,2.5,5,6,5,2.5,5,6,5
PMC6850320_HIS-74-917|13773,3.0,5,4,4,3.0,5,4,4
PMC6850320_HIS-74-917|13775,8.0,8,8,8,8.0,8,8,8
PMC6850320_HIS-74-917|13776,1.0,2,2,2,1.0,2,2,2
PMC6850320_HIS-74-917|13777,1.0,2,2,2,1.0,2,2,2
PMC6850320_HIS-74-917|13778,3.5,6,4,4,3.5,6,4,4
PMC6850320_HIS-74-917|13780,0.0,1,0,0,0.0,1,0,0
PMC6850320_HIS-74-917|13781,4.5,7,14,7,4.5,7,14,7
PMC6850320_HIS-74-917|13782,10.0,14,14,14,10.0,14,14,14
PMC6850320_HIS-74-917|13783,7.0,7,8,7,7.0,7,8,7
PMC6850320_HIS-74-917|13784,3.0,5,4,4,3.0,5,4,4
PMC6850320_HIS-74-917|13785,1.0,2,2,2,1.0,2,2,2
PMC6850320_HIS-74-917|13788,4.5,6,5,5,4.5,6,5,5
PMC6850320_HIS-74-917|13789,3.5,4,4,4,3.5,4,4,4
PMC6850320_HIS-74-917|13790,3.5,4,4,4,3.5,4,4,4
PMC6850320_HIS-74-917|13791,6.5,10,11,9,6.5,10,11,9
PMC6850320_HIS-74-917|13792,2.0,5,3,3,2.0,5,3,3
PMC6850320_HIS-74-917|13793,7.0,13,11,11,7.0,13,11,11
PMC6850320_HIS-74-917|13794,1.0,1,1,1,1.0,1,1,1
PMC7539961_HIS-77-579|17222,0.0,0,0,0,0.0,0,0,0
PMC7539961_HIS-77-579|17225,1.5,2,2,2,1.5,2,2,2
PMC7539961_HIS-77-579|17227,2.0,5,3,3,2.0,5,3,3
PMC7539961_HIS-77-579|17231,5.0,6,7,6,5.0,6,7,6
PMC7539961_HIS-77-579|17232,3.5,5,4,4,3.5,5,4,4
PMC7539961_HIS-77-579|17233,3.0,3,3,3,3.0,3,3,3
PMC7539961_HIS-77-579|17234,5.5,8,9,8,5.5,8,9,8
PMC7539961_HIS-77-579|17237,9.0,11,11,10,9.0,11,11,10
PMC7539961_HIS-77-579|17238,4.0,6,5,5,4.0,6,5,5
PMC7539961_HIS-77-579|17240,0.0,4,0,0,0.0,4,0,0
PMC7539961_HIS-77-579|17241,5.0,5,5,5,5.0,5,5,5
PMC7539961_HIS-77-579|17247,2.0,3,7,3,2.0,3,7,3
PMC7539961_HIS-77-579|17248,0.0,0,0,0,0.0,0,0,0
PMC7539961_HIS-77-579|17250,3.5,5,4,4,3.5,5,4,4
PMC7539961_HIS-77-579|17251,4.0,5,9,5,4.0,5,9,5
PMC7539961_HIS-77-579|17252,11.0,12,13,12,11.0,12,13,12
PMC7539961_HIS-77-579|17254,4.0,5,5,5,4.0,5,5,5
PMC7539961_HIS-77-579|17255,3.0,6,5,5,3.0,6,5,5
PMC7539961_HIS-77-579|17256,2.0,5,3,3,2.0,5,3,3
PMC7539961_HIS-77-579|17257,2.5,3,4,3,2.5,3,4,3
PMC7540531_HIS-77-460|22037,0.0,0,0,0,0.0,0,0,0
PMC7540531_HIS-77-460|22040,1.5,4,2,2,1.5,4,2,2
PMC7540531_HIS-77-460|22041,5.0,8,8,8,5.0,8,8,8
PMC7540531_HIS-77-460|22044,9.0,11,11,10,9.0,11,11,10
PMC7540531_HIS-77-460|22045,8.0,12,8,8,8.0,12,8,8
PMC7540531_HIS-77-460|22047,4.0,5,4,4,4.0,5,4,4
PMC7540531_HIS-77-460|22048,0.0,6,0,0,0.0,6,0,0
PMC7540531_HIS-77-460|22050,2.0,3,4,3,2.0,3,4,3
PMC7540531_HIS-77-460|22052,0.0,0,0,0,0.0,0,0,0
PMC7540531_HIS-77-460|22053,3.5,6,5,4,3.5,6,5,4
PMC7540531_HIS-77-460|22054,6.0,9,11,9,8.0,11,11,11
PMC7540531_HIS-77-460|22056,2.5,3,4,3,2.5,3,4,3
PMC7540531_HIS-77-460|22059,3.0,5,4,4,3.0,5,4,4
PMC7540531_HIS-77-460|22061,1.5,3,2,2,1.5,3,2,2
PMC7540531_HIS-77-460|22062,2.5,4,4,4,2.5,4,4,4
PMC7540531_HIS-77-460|22064,1.5,3,3,3,1.5,3,3,3
PMC7540531_HIS-77-460|22066,1.5,3,3,3,1.5,3,3,3
PMC7540531_HIS-77-460|22069,3.0,6,3,3,3.0,6,3,3
PMC7540531_HIS-77-460|22070,3.0,5,4,4,3.0,5,4,4
PMC7540531_HIS-77-460|22072,6.0,7,7,7,6.0,7,7,7
PMC7540531_HIS-77-460|22074,4.0,5,5,4,4.0,5,5,4
PMC7540531_HIS-77-460|22075,2.5,5,4,4,2.5,5,4,4
PMC7540531_HIS-77-460|22076,2.0,3,3,3,2.0,3,3,3
PMC7540531_HIS-77-460|22077,3.5,4,4,4,3.5,4,4,4
PMC9826086_HIS-81-786|25747,1.0,1,2,1,2.0,3,2,2
PMC9826086_HIS-81-786|25748,2.5,5,5,5,2.5,5,5,5
PMC9826086_HIS-81-786|25749,8.0,8,8,8,8.0,8,8,8
PMC9826086_HIS-81-786|25751,3.0,4,4,4,3.0,4,4,4
PMC9826086_HIS-81-786|25753,8.0,8,10,8,8.0,8,10,8
PMC9826086_HIS-81-786|25755,3.0,4,4,3,3.0,4,4,3
PMC9826086_HIS-81-786|25756,6.5,9,9,8,6.5,9,9,8
PMC9826086_HIS-81-786|25759,2.5,3,8,3,2.5,3,8,3
PMC9826086_HIS-81-786|25760,3.0,5,6,5,3.0,5,6,5
PMC9826086_HIS-81-786|25762,2.0,2,2,2,2.0,2,2,2
PMC9826086_HIS-81-786|25763,4.0,5,7,5,4.0,5,7,5
PMC9826086_HIS-81-786|25764,0.0,0,0,0,0.0,0,0,0
PMC9826086_HIS-81-786|25765,1.0,3,2,2,1.0,3,2,2
PMC9826086_HIS-81-786|25766,1.0,2,3,2,1.0,2,3,2
PMC9826086_HIS-81-786|25767,0.0,0,0,0,0.0,0,0,0
PMC9826086_HIS-81-786|25768,1.5,3,3,3,1.5,3,3,3
PMC9826086_HIS-81-786|25769,3.0,5,6,5,3.0,5,6,5
PMC9826086_HIS-81-786|25772,2.0,3,2,2,2.0,3,2,2
PMC9826086_HIS-81-786|25773,3.5,5,6,5,3.5,5,6,5
PMC9826086_HIS-81-786|25774,7.5,12,12,12,7.5,12,12,12
PMC9826086_HIS-81-786|25775,3.0,4,3,3,3.0,4,3,3
PMC9826086_HIS-81-786|25777,2.0,4,4,4,3.0,4,4,4
PMC9826086_HIS-81-786|25778,2.5,4,3,3,2.5,4,3,3
PMC9826086_HIS-81-786|25781,9.0,12,12,12,9.0,12,12,12
PMC9826086_HIS-81-786|25785,6.0,10,10,10,6.0,10,10,10
PMC9826086_HIS-81-786|25786,8.5,12,14,12,8.5,12,14,12
PMC9826086_HIS-81-786|25787,2.0,3,3,3,2.0,3,3,3
PMC9826086_HIS-81-786|25788,6.5,8,8,8,6.5,8,8,8
PMC9826086_HIS-81-786|25790,3.5,5,4,4,3.5,5,4,4
PMC9826086_HIS-81-786|25791,5.5,7,7,7,5.5,7,7,7
PMC9826086_HIS-81-786|25793,1.5,2,3,2,1.5,2,3,2
